COM COD,COURSE NO.,COURSE TITLE,"CREDIT L P U",SEC,INSTRUCTOR-IN-CHARGE/ Instructor,ROOM,DAYS/ HOURS,MIDSEM TEST,"COMRE DATE & SESSION"
1001,BIO F110,BIOLOGY LABORATORY,0 2 1,,ADITYA SHARMA,,,,
,,,,1,Neeru Sood,307,M34,,
,,Practical,,2,Aditya Sharma,307,M89,,
,,,,3,Aditya Sharma,307,T89,,
,,,,4,Mainak Dutta,307,W34,,
,,,,5,Aditya Sharma,307,W89,,
,,,,6,Neeru Sood,307,Th89,,
,,,,7,S Ramachandran,307,F34,,
1002,BIO F111,GENERAL BIOLOGY,3 0 3,,NEERU SOOD,,,31.10.2023 FN,03.01.2024 FN
,,,,1,Debostuti Ghosh,101,M1 T6 Th4 F5,,
,,,,2,Aditya Sharma,105,M1 T4 W1 Th5,,
,,,,3,Neeru Sood,123,M1 T4 Th5 F5,,
1100,BIOT F211,BIOLOGICAL CHEMISTRY,3 0 3,1,MAINAK DUTTA,220,M1 T9 W6 Th9,30.10.2023 AN,02.01.2024 AN
1101,BIOT F212,MICROBIOLOGY,3 1 4,1,TRUPTI GOKHALE,220,M5 T8 W1 F2,31.10.2023 AN,04.01.2024 AN
,,Practical,,1,Trupti Gokhale,307,T345,,
,,,,2,Trupti Gokhale,307,Th234,,
1102,BIOT F213,CELL BIOLOGY,3 0 3,1,NEERU SOOD,220,M6 T7 W5 F3,02.11.2023 AN,08.01.2024 AN
1104,BIOT F215,BIOPHYSICS,3 0 3,1,DEBOSTUTI GHOSH,220,M3 W3 Th8 F1,06.11.2023 AN,10.01.2024 AN
1367,BIOT F242,INTRO TO BIOINFORMATICS,3 0 3,1,ADITYA SHARMA,271,M5 W5 Th9,01.11.2023 AN,03.01.2024 AN
1845,BIOT F266,STUDY PROJECT,3,1,NEERU SOOD,,,,
1362,BIOT F311,RECOMBINANT DNA TECH,3 0 3,1,PALLAB SANPUI,271,M2 T3 W2 Th2,30.10.2023 AN,02.01.2024 AN
1363,BIOT F314,IND MICROBIO & BIOPRO ENGG,2 2 4,1,S RAMACHANDRAN,271,M9 T5,31.10.2023 AN,04.01.2024 AN
,,Practical,,1,S Ramachandran/ Debostuti Ghosh,307,M67,,
,,,,1,S Ramachandran/ Debostuti Ghosh,307,W67,,
1365,BIOT F343,EXPERIMENTS IN BIOTECH,0 3 3,,MAINAK DUTTA,,,,
,,Practical,,1,Mainak Dutta/ Pallab Sanpui,308,Th567,,
,,,,2,Mainak Dutta/ Pallab Sanpui,308,F345,,
1368,BIOT F345,PROTEOMICS,3 0 3,1,S RAMACHANDRAN,271,T7 W3 Th1,03.11.2023 FN,09.01.2024 FN
1843,BIOT F366,LABORATORY PROJECT,3,1,NEERU SOOD,,,,
1842,BIOT F367,LABORATORY PROJECT,3,1,NEERU SOOD,,,,
1841,BIOT F376,DESIGN PROJECT,3,1,NEERU SOOD,,,,
1840,BIOT F377,DESIGN PROJECT,3,1,NEERU SOOD,,,,
1375,BIOT F424,FOOD BIOTECHNOLOGY,3 0 3,1,TRUPTI GOKHALE,271,M3 T1 W4,31.10.2023 FN,05.01.2024 FN
1844,BIOT F491,SPECIAL PROJECT,3,1,NEERU SOOD,,,,
596,BITS C791T,TEACHING PRACTICE I,1,,RAM KARTHIKEYAN,,,,
520,BITS C797T,PHD SEMINAR,2,,RAM KARTHIKEYAN,,,,
553,BITS C799T,PHD THESIS,40,,RAM KARTHIKEYAN,,,,
2101,BITS E661,RESEARCH METHODOLOGY I,5,1,RAM KARTHIKEYAN,,,,
1003,BITS F110,ENGINEERING GRAPHICS,1 2 2,,MEGHANA S CHARDE,,,06.11.2023 FN,11.01.2024 FN
,,,,1,Meghana S Charde,101,Th3,,
,,,,2,Akshay Venkateshwaran,105,Th4,,
,,,,3,Deepthi Mary Dilip,123,T3,,
,,Practical,,1,Meghana S Charde,MS5,M89,,
,,,,2,Meghana S Charde,MS5,W89,,
,,,,3,Deepthi Mary Dilip,MS5,Th34,,
1004,BITS F111,THERMODYNAMICS,3 0 3,1,SNEHAUNSHU CHOUDHURY,165,M2 T2 Th1 F3,01.11.2023 FN,05.01.2024 FN
,,,,2,Shashank Khurana,185,M2 T2 W1 Th1,,
,,,,3,Majid Hasan Khan,190,M2 W1 Th1 F5,,
1005,BITS F112,TECHNICAL REPORT WRITING,3 0 3,1,SAYANTAN CHAKRABORTY,101,T5 Th2,03.11.2023 FN,09.01.2024 FN
,,,,2,Shazi S J,105,T5 Th2,,
,,,,3,Sayantan Chakraborty,101,W2 F1,,
,,,,4,Shazi S J,105,W2 F1,,
1632,BITS F225,ENVIRONMENTAL STUDIES,3 0 3,,RUSAL RAJ,,,03.11.2023 FN,09.01.2024 AN
,,,,1,Vijaya Ilango,228,W2 Th1 F4,,
,,,,2,Rusal Raj,220,M4 W9 F4,,
2303,BITS F226,SOFT SKILLS FOR PROFESSIONALS,3 0 3,1,ROHIT,220,M7 T2 Th6,01.11.2023 FN,11.01.2024 AN
1334,BITS F312,NEURAL NET & FUZZY LOGIC,3 0 3,1,V KALAICHELVI,221,M5 W5 Th9,01.11.2023 AN,03.01.2024 AN
2336,BITS F327,AI IN ROBOTICS,2 1 3,1,RAM KARTHIKEYAN,276,M6 W6 Th5,31.10.2023 FN,05.01.2024 FN
,,,,1,Ram Karthikeyan,MS2,Th12,,
1592,BITS F412,PRACTICE SCHOOL II,20,,A SOMASUNDARAM,,,,
1808,BITS F416,INTRO TO NANO SCIENCE,3 0 3,1,K K SINGH,226,M5 W5 Th9,01.11.2023 AN,03.01.2024 AN
1593,BITS F421T,THESIS,16,,K KUMAR,,,,
1616,BITS F422T,THESIS,16,,K KUMAR,,,,
1617,BITS F423T,THESIS,9,,K KUMAR,,,,
2434,BITS F452,BLOCKCHAIN TECHNOLOGY,3 0 3,1,RAJA M,223,T6 W1 Th7,03.11.2023 FN,09.01.2024 FN
1339,BITS F464,MACHINE LEARNING,3 0 3,1,PRANAV MOTHABHAU PAWAR,268,T6 W1 Th7,03.11.2023 FN,09.01.2024 FN
2167,BITS G661,RESEARCH METHODOLOGY I,5,1,RAM KARTHIKEYAN,,,,
1073,CE F211,MECHANICS OF SOLIDS,3 0 3,1,AKSHAY VENKATESHWARAN,222,T6 W1 Th2 F3,30.10.2023 AN,02.01.2024 AN
1075,CE F213,SURVEYING,3 1 4,1,MEGHANA S CHARDE,222,T5 W6 Th8 F5,31.10.2023 AN,04.01.2024 AN
,,Practical,,1,Meghana S Charde,MF1,F12,,
2279,CE F230,CIVIL ENGINEERING MATERIALS,3 2 4,1,DEEPTHI MARY DILIP,222,M9 T1 W8 Th9,02.11.2023 AN,08.01.2024 AN
,,Practical,,1,Vivek B Kartha,MG2,M56,,
2280,CE F231,FLUID MECHANICS,3 0 3,1,BRIJ KISHORE PANDEY,222,M4 T7 W9 Th4,06.11.2023 AN,10.01.2024 AN
1652,CE F266,STUDY PROJECT,3,1,VIVEK B KARTHA,,,,
1196,CE F312,HYDRAULIC ENGINEERING,3 1 4,1,BRIJ KISHORE PANDEY,256,M7 T1 Th7 F3,30.10.2023 AN,02.01.2024 AN
,,Practical,,1,Brij Kishore Pandey,MF4,W34,,
1197,CE F313,FOUNDATION ENGINEERING,3 0 3,1,VIVEK B KARTHA,256,M3 T3 W1 Th6,31.10.2023 AN,04.01.2024 AN
2281,CE F320,DESIGN OF REINFORCED CONCRETE STRUCTURE,3 0 3,1,AKSHAY VENKATESHWARAN,256,M6 T8 W6 F5,02.11.2023 AN,08.01.2024 AN
1667,CE F366,LABORATORY PROJECT,3,1,VIVEK B KARTHA,,,,
1737,CE F367,LABORATORY PROJECT,3,1,VIVEK B KARTHA,,,,
1686,CE F376,DESIGN PROJECT,3,1,VIVEK B KARTHA,,,,
1753,CE F377,DESIGN PROJECT,3,1,VIVEK B KARTHA,,,,
1218,CE F425,AIRPORT RAIL & WATERWAYS,3 0 3,1,DEEPTHI MARY DILIP,256,M2 T6 F4,03.11.2023 FN,09.01.2024 FN
1220,CE F434,ENV IMPACT ASSESSMENT,3 0 3,1,VIVEK B KARTHA,256,W8 Th3 F2,31.10.2023 FN,05.01.2024 FN
1711,CE F491,SPECIAL PROJECT,3,1,VIVEK B KARTHA,,,,
1069,CHE F211,CHEMICAL PROCESS CALCULA,3 0 3,1,NISHANT H PANDYA,245,M1 T8 W5 Th8,30.10.2023 AN,02.01.2024 AN
1072,CHE F212,FLUID MECHANICS,3 0 3,1,MAJID HASAN KHAN,219,T6 W9 Th4 F2,31.10.2023 AN,04.01.2024 AN
1071,CHE F213,CHEM ENGG THERMODYNAMICS,3 0 3,1,SOUVIK K PAUL,245,M8 T1 W3 F3,02.11.2023 AN,08.01.2024 AN
1070,CHE F214,ENGINEERING CHEMISTRY,3 0 3,1,TEJAL PATEL,245,T3 W1 Th23,06.11.2023 AN,10.01.2024 AN
1653,CHE F266,STUDY PROJECT,3,1,B G PRAKASH KUMAR,,,,
1184,CHE F311,KINETICS & REACTOR DESIG,3 0 3,1,B G PRAKASH KUMAR,226,M3 T1 W4 F2,30.10.2023 AN,02.01.2024 AN
1185,CHE F312,CHEMICAL ENGG LAB I,0 3 3,1,"NISHANT H PANDYA/B G Prakash Kumar/Murchana Changmai",340,W789,,
,,,,1,"NISHANT H PANDYA/B G Prakash Kumar/Murchana Changmai",340,Th123,,
1186,CHE F313,SEPARATION PROCESSES II,3 0 3,1,MURCHANA CHANGMAI,226,M7 T3 W1 Th6,02.11.2023 AN,08.01.2024 AN
1187,CHE F314,PROCESS DES PRINCIPLES I,3 0 3,1,NISHANT H PANDYA,226,M4 T6 W3 F4,06.11.2023 AN,10.01.2024 AN
1668,CHE F366,LABORATORY PROJECT,3,1,B G PRAKASH KUMAR,,,,
1738,CHE F367,LABORATORY PROJECT,3,1,B G PRAKASH KUMAR,,,,
1687,CHE F376,DESIGN PROJECT,3,1,B G PRAKASH KUMAR,,,,
1754,CHE F377,DESIGN PROJECT,3,1,B G PRAKASH KUMAR,,,,
1206,CHE F411,ENVIR POLLUTION CONTROL,3 0 3,1,MURCHANA CHANGMAI,226,M2 T8 F5,31.10.2023 FN,05.01.2024 FN
1205,CHE F421,BIOCHEMICAL ENGINEERING,3 0 3,1,SOUVIK K PAUL,226,M6 Th8 F1,03.11.2023 FN,09.01.2024 FN
1209,CHE F491,SPECIAL PROJECT,3,1,B G PRAKASH KUMAR,,,,
1006,CHEM F110,CHEMISTRY LABORATORY,0 2 1,,VIJAYA ILANGO,,,,
,,,,1,Geetha Kannan,306,M34,,
,,,,2,Rusal Raj,306,M89,,
,,,,3,Rusal Raj,306,T34,,
,,,,4,Vijaya Ilango,306,T89,,
,,,,5,Geetha Kannan,306,W34,,
,,,,6,Vijaya Ilango,306,W89,,
1007,CHEM F111,GENERAL CHEMISTRY,3 0 3,1,RUSAL RAJ,101,M6 T1 W6 F2,01.11.2023 FN,05.01.2024 FN
,,,,2,Vijaya Ilango,105,M6 T1 Th3 F2,,
,,,,3,Geetha Kannan,123,M6 T1 W6 F2,,
1654,CHEM F266,STUDY PROJECT,3,1,R ROOP KUMAR,,,,
1669,CHEM F366,LABORATORY PROJECT,3,1,R ROOP KUMAR,,,,
1739,CHEM F367,LABORATORY PROJECT,3,1,R ROOP KUMAR,,,,
1688,CHEM F376,DESIGN PROJECT,3,1,R ROOP KUMAR,,,,
1755,CHEM F377,DESIGN PROJECT,3,1,R ROOP KUMAR,,,,
1713,CHEM F491,SPECIAL PROJECT,3,1,R ROOP KUMAR,,,,
1008,CS F111,COMPUTER PROGRAMMING,3 1 4,1,SAPNA SADHWANI,101,M5 W1 Th7 F4,02.11.2023 FN,08.01.2024 FN
,,,,2,Ashish Gupta,105,M5 T6 Th7 F2,,
,,,,3,Shikhar Verma,123,M5 W1 Th7 F4,,
,,Practical,,1,Pramod Gaur,335,M34,,
,,,,2,Shikhar Verma,335,T89,,
,,,,3,Sapna Sadhwani,335,W34,,
1092,CS F213,OBJECT ORIENTED PROG,3 1 4,1,SUJALA D SHETTY,210,T1 W6 Th5 F2,31.10.2023 AN,04.01.2024 AN
,,,,2,Pranav Mothabhau Pawar,257,T1 W6 Th5 F2,,
,,,,3,Sapna Sadhwani,229,T1 W6 Th5 F2,,
,,,,4,Shikhar Verma,205,T1 W6 Th5 F2,,
,,Practical,,1,Sujala D Shetty,332,T34,,
,,,,2,Pranav Mothabhau Pawar,333,T34,,
,,,,3,Sapna Sadhwani,335,T34,,
,,,,4,Shikhar Verma,336,T34,,
1090,CS F214,LOGIC IN COMPUTER SC,3 0 3,1,SIDDHALING UROLAGIN,210,M1 W2 Th1 F5,02.11.2023 AN,08.01.2024 AN
,,,,2,Ashish Gupta,257,M1 W2 Th1 F5,,
,,,,3,S Jeyalatha,229,M1 W2 Th1 F1,,
,,,,4,Siddhaling Urolagin,205,M3 W4 Th7 F3,,
1093,CS F215,DIGITAL DESIGN,3 1 4,1,JAGADISH NAYAK,210,M2 T6 W1 Th2,30.10.2023 AN,02.01.2024 AN
,,,,2,R Swarnalatha,257,M2 T6 W1 Th2,,
,,,,3,Vilas H Gaidhane,229,M2 T6 W1 Th2,,
,,,,4,Shazia Hasan,205,M2 T6 W1 Th2,,
,,Practical,,1,M B Srinivas,304,M34,,
,,,,2,Nilesh Goel,304,M89,,
,,,,3,Abdul Razak,304,T89,,
,,,,4,R Swarnalatha,304,W34,,
,,,,5,Jagadish Nayak,304,W89,,
,,,,6,M B Srinivas,304,Th34,,
,,,,7,Abdul Razak,304,Th89,,
,,,,8,R Swarnalatha,304,F34,,
1091,CS F222,DISCR STRUC FOR COMP SCI,3 0 3,,A SOMASUNDARAM,,,06.11.2023 AN,10.01.2024 AN
,,,,1,S Baskaran,210,M9 T7 Th9 F1,,
,,,,2,A Somasundaram,257,M9 T7 Th3 F1,,
,,,,3,A Somasundaram,334,M4 W7 Th9 F5,,
1655,CS F266,STUDY PROJECT,3,1,B VIJAYAKUMAR,,,,
1316,CS F301,PRINCIPLES OF PROGG LANG,2 0 2,1,B VIJAYAKUMAR,269,W3 Th2,31.10.2023 AN,04.01.2024 AN
,,,,2,Pranav Mothabhau Pawar,268,W3 Th2,,
,,,,3,B Vijayakumar,267,Th6 F4,,
2266,CS F320,FOUNDATION OF DATA SCIENCE,3 0 3,1,SIDDHALING UROLAGIN,268,M6 T7 Th3,31.10.2023 FN,05.01.2024 FN
1317,CS F342,COMPUTER ARCHITECTURE,3 1 4,1,TAMIZHARASAN PERIYASAMY,269,M3 T4 Th1 F5,02.11.2023 AN,08.01.2024 AN
,,,,2,Raja M,268,M3 T4 Th1 F5,,
,,,,3,Raja M,267,T1 W3 Th5 F3,,
,,Practical,,1,Tamizharasan Periyasamy,332,W89,,
,,,,2,Raja M,335,W89,,
,,,,3,Angel A Jothi,336,W89,,
1314,CS F351,THEORY OF COMPUTATION,3 0 3,1,ELAKKIYA RAJASEKAR,269,T1 W4 Th5 F3,30.10.2023 AN,02.01.2024 AN
,,,,2,S Jeyalatha,268,T1 W4 Th5 F3,,
,,,,3,Elakkiya Rajasekar,267,M3 T4 Th2 F5,,
1670,CS F366,LABORATORY PROJECT,3,1,B VIJAYAKUMAR,,,,
1740,CS F367,LABORATORY PROJECT,3,1,B VIJAYAKUMAR,,,,
1315,CS F372,OPERATING SYSTEMS,3 0 3,1,ANGEL A JOTHI,269,T5 W2 Th6 F4,06.11.2023 AN,10.01.2024 AN
,,,,2,Pramod Gaur,268,T5 W2 Th6 F4,,
,,,,3,Angel A Jothi,267,M2 W4 Th1 F2,,
1689,CS F376,DESIGN PROJECT,3,1,B VIJAYAKUMAR,,,,
1756,CS F377,DESIGN PROJECT,3,1,B VIJAYAKUMAR,,,,
1333,CS F407,ARTIFICIAL INTELLIGENCE,3 0 3,1,SUJALA D SHETTY,269,M6 T7 Th3,31.10.2023 FN,05.01.2024 FN
1322,CS F415,DATA MINING,3 0 3,1,ANGEL A JOTHI,267,M6 T7 Th3,31.10.2023 FN,05.01.2024 FN
2440,CS F425,DEEP LEARNING,3 0 3,1,TAMIZHARASAN PERIYASAMY,267,T6 W1 Th7,03.11.2023 FN,09.01.2024 FN
2444,CS F429,NATURAL LANGUAGE PROCESSING,3 0 3,1,ELAKKIYA RAJASEKAR,269,T6 W1 Th7,03.11.2023 FN,09.01.2024 FN
1714,CS F491,SPECIAL PROJECT,3,1,B VIJAYAKUMAR,,,,
1380,ECE F211,ELECTRICAL MACHINES,3 1 4,1,R GOMATHI BHAVANI,228,M5 T1 Th9 F5,31.10.2023 AN,04.01.2024 AN
,,Practical,,1,R Gomathi Bhavani,313,W67,,
1381,ECE F212,ELECTROMAGNETIC THEO,3 0 3,1,G AMARANATH,228,M6 T7 Th8 F3,02.11.2023 AN,08.01.2024 AN
1383,ECE F214,ELECTRONIC DEVICES,3 0 3,1,M B SRINIVAS,228,M1 T8 W5 F2,06.11.2023 AN,10.01.2024 AN
1382,ECE F215,DIGITAL DESIGN,3 1 4,1,JAGADISH NAYAK,210,M2 T6 W1 Th2,30.10.2023 AN,02.01.2024 AN
,,,,2,R Swarnalatha,257,M2 T6 W1 Th2,,
,,,,3,Vilas H Gaidhane,229,M2 T6 W1 Th2,,
,,,,4,Shazia Hasan,205,M2 T6 W1 Th2,,
,,Practical,,1,M B Srinivas,304,M34,,
,,,,2,Nilesh Goel,304,M89,,
,,,,3,Abdul Razak,304,T89,,
,,,,4,R Swarnalatha,304,W34,,
,,,,5,Jagadish Nayak,304,W89,,
,,,,6,M B Srinivas,304,Th34,,
,,,,7,Abdul Razak,304,Th89,,
,,,,8,R Swarnalatha,304,F34,,
1701,ECE F266,STUDY PROJECT,3,1,V KALAICHELVI,,,,
1389,ECE F311,COMMUNICATION SYSTEMS,3 1 4,1,JAGADISH NAYAK,221,M6 T1 W3 F3,30.10.2023 AN,02.01.2024 AN
,,Practical,,1,T G Thomas,330,T567,,
1388,ECE F314,EM FIELDS & MICRO ENGG,3 0 3,1,ABDUL RAZAK,223,M9 W7 Th2 F4,31.10.2023 AN,04.01.2024 AN
1702,ECE F366,LABORATORY PROJECT,3,1,V KALAICHELVI,,,,
1705,ECE F367,LABORATORY PROJECT,3,1,V KALAICHELVI,,,,
1703,ECE F376,DESIGN PROJECT,3,1,V KALAICHELVI,,,,
1706,ECE F377,DESIGN PROJECT,3,1,V KALAICHELVI,,,,
1392,ECE F434,DIGITAL SIGNAL PROCESS,3 1 4,1,SHAZIA HASAN,223,M8 T4 W4 F5,02.11.2023 AN,08.01.2024 AN
,,Practical,,1,Shazia Hasan,303,Th567,,
1393,ECE F472,SATELLITE COMMUNICATION,3 0 3,1,ABDUL RAZAK,221,M3 W1 F2,31.10.2023 FN,05.01.2024 FN
1704,ECE F491,SPECIAL PROJECT,3,1,V KALAICHELVI,,,,
1023,ECON F211,PRINCIPLES OF ECONOMICS,3 0 3,1,SARTAJ RASOOL,334,M5 T5 W5,06.11.2023 FN,04.01.2024 FN
1009,EEE F111,ELECTRICAL SCIENCES,3 0 3,1,T G THOMAS,165,M1 T9 W5 Th2,02.11.2023 FN,08.01.2024 FN
,,,,2,Sunil Thomas,185,M1 T6 W5 F2,,
,,,,3,T G Thomas,190,M8 T2 W3 F2,,
1077,EEE F211,ELECTRICAL MACHINES,3 1 4,1,R GOMATHI BHAVANI,228,M5 T1 Th9 F5,31.10.2023 AN,04.01.2024 AN
,,Practical,,1,R Gomathi Bhavani,313,W67,,
1078,EEE F212,ELECTROMAGNETIC THEO,3 0 3,1,G AMARANATH,228,M6 T7 Th8 F3,02.11.2023 AN,08.01.2024 AN
1080,EEE F214,ELECTRONIC DEVICES,3 0 3,1,M B SRINIVAS,228,M1 T8 W5 F2,06.11.2023 AN,10.01.2024 AN
1079,EEE F215,DIGITAL DESIGN,3 1 4,1,JAGADISH NAYAK,210,M2 T6 W1 Th2,30.10.2023 AN,02.01.2024 AN
,,,,2,R Swarnalatha,257,M2 T6 W1 Th2,,
,,,,3,Vilas H Gaidhane,229,M2 T6 W1 Th2,,
,,,,4,Shazia Hasan,205,M2 T6 W1 Th2,,
,,Practical,,1,M B Srinivas,304,M34,,
,,,,2,Nilesh Goel,304,M89,,
,,,,3,Abdul Razak,304,T89,,
,,,,4,R Swarnalatha,304,W34,,
,,,,5,Jagadish Nayak,304,W89,,
,,,,6,M B Srinivas,304,Th34,,
,,,,7,Abdul Razak,304,Th89,,
,,,,8,R Swarnalatha,304,F34,,
1657,EEE F266,STUDY PROJECT,3,1,V KALAICHELVI,,,,
1242,EEE F311,COMMUNICATION SYSTEMS,3 1 4,1,JAGADISH NAYAK,221,M6 T1 W3 F3,30.10.2023 AN,02.01.2024 AN
,,Practical,,1,T G Thomas,330,T567,,
1244,EEE F312,POWER SYSTEMS,3 0 3,1,SUNIL THOMAS,221,M8 W7 Th7 F5,31.10.2023 AN,04.01.2024 AN
1243,EEE F313,ANALOG & DIGIT VLSI DES,3 0 3,1,VILAS H GAIDHANE,229,M9 W4 Th5 F4,02.11.2023 AN,08.01.2024 AN
1731,EEE F366,LABORATORY PROJECT,3,1,V KALAICHELVI,,,,
1742,EEE F367,LABORATORY PROJECT,3,1,V KALAICHELVI,,,,
1691,EEE F376,DESIGN PROJECT,3,1,V KALAICHELVI,,,,
1758,EEE F377,DESIGN PROJECT,3,1,V KALAICHELVI,,,,
2288,EEE F411,INTERNET OF THINGS,3 1 4,1,NILESH GOEL,269,M4 W6 F1,02.11.2023 FN,10.01.2024 FN
,,Practical,,1,Nilesh Goel,330,T23,,
1886,EEE F417,COMP BASED CONTROL SYS,3 0 3,1,R GOMATHI BHAVANI,223,M3 W9 F2,31.10.2023 FN,05.01.2024 FN
1247,EEE F432,MEDICAL INSTRUMENTATION,3 0 3,1,R SWARNALATHA,221,M4 W8 F1,03.11.2023 FN,09.01.2024 FN
1249,EEE F472,SATELLITE COMMUNICATION,3 0 3,1,ABDUL RAZAK,221,M3 W1 F2,31.10.2023 FN,05.01.2024 FN
1143,FIN F212,FUNDA OF FIN AND ACCOUNT,3 0 3,1,ASGAR ALI,210,M7 T2 Th6,01.11.2023 FN,11.01.2024 AN
1539,FIN F311,DERIVATIVES & RISK MGMT,3 0 3,1,FAISAL NAZIR ZARGAR,267,M5 W5 Th9,01.11.2023 AN,03.01.2024 AN
1542,FIN F315,FINANCIAL MANAGEMENT,3 0 3,1,FAISAL NAZIR ZARGAR,223,M1 T9 Th4,06.11.2023 FN,09.01.2024 AN
1130,GS F211,MOD POLITICAL CONCEPTS,3 0 3,1,SHAMSHAD KHAN,269,M5 W5 Th9,01.11.2023 AN,03.01.2024 AN
1131,GS F212,ENVIRON DEV & CLIMATE CH,3 0 3,1,GEETHA KANNAN,268,M1 T9 Th4,06.11.2023 FN,09.01.2024 AN
1176,GS F332,CONTEMPORARY INDIA,3 0 3,1,MRUTUYANJAYA SAHU,269,M1 T9 Th4,06.11.2023 FN,09.01.2024 AN
1693,GS F376,DESIGN PROJECT,3,1,SARTAJ RASOOL,,,,
1760,GS F377,DESIGN PROJECT,3,1,SARTAJ RASOOL,,,,
2537,HSS F211,INTRODUCTION TO ARABIC,3 0 3,1,SHAMSHAD KHAN,229,M7 T2 Th6,01.11.2023 FN,11.01.2024 AN
1603,HSS F222,LINGUISTICS,3 0 3,1,SAYANTAN CHAKRABORTY,228,M7 T2 Th6,01.11.2023 FN,11.01.2024 AN
1775,HSS F232,INTRO TO DEV STUDIES,3 0 3,1,MRUTUYANJAYA SAHU,257,M7 T2 Th6,01.11.2023 FN,11.01.2024 AN
1776,HSS F266,STUDY PROJECT,3,1,SARTAJ RASOOL,,,,
1626,HSS F346,INTERNATIONAL RELATIONS,3 0 3,1,SHAMSHAD KHAN,267,M1 T9 Th4,06.11.2023 FN,09.01.2024 AN
1828,HSS F349,ECOCRITICISM,3 0 3,1,SAYANTAN CHAKRABORTY,221,M1 T9 Th4,06.11.2023 FN,09.01.2024 AN
1835,HSS F350,"HUMAN RIGHTS: HISTORY, THEORY AND PRACTICE",3 0 3,1,MRUTUYANJAYA SAHU,268,M5 W5 Th9,01.11.2023 AN,03.01.2024 AN
2272,HSS F365,SCIENCE OF SUSTAINABLE HAPPINESS,3 0 3,1,SHAZI S J,205,M7 T2 Th6,01.11.2023 FN,11.01.2024 AN
1529,IS F341,SOFTWARE ENGINEERING,3 1 4,1,PRAMOD GAUR,223,M6 T7 Th3,31.10.2023 FN,05.01.2024 FN
,,Practical,,1,Pramod Gaur,335,M89,,
905,MATH D021,REMEDIAL MATHEMATICS,5 0 5,1,K KUMAR,221,M7 T6 W2 Th5,30.10.2023 FN,02.01.2024 FN
1010,MATH F111,MATHEMATICS I,3 0 3,1,SUHEL AHMAD KHAN,101,T2 W5 Th1 F3,30.10.2023 FN,02.01.2024 FN
,,,,2,K Kumar,105,T2 W5 Th1 F5,,
,,,,3,TBA,123,T2 W5 Th1 F3,,
,,,,4,Suhel Ahmad Khan,165,M7 T6 W2 Th5,,
,,,,5,A Somasundaram,185,M7 T5 W2 Th5,,
,,,,6,TBA,190,M7 T6 W2 Th5,,
1012,MATH F113,PROBABILITY & STATISTICS,3 0 3,1,MANEESHA,165,M3 T8 W1 F5,03.11.2023 FN,09.01.2024 FN
,,,,2,Suhel Ahmad Khan,185,M5 T4 W8 F5,,
,,,,3,MANEESHA,190,M1 T5 W7 Th2,,
1022,MATH F211,MATHEMATICS III,3 0 3,1,S BASKARAN,228,M3 T4 W4 Th5,01.11.2023 AN,03.01.2024 AN
,,,,2,S Baskaran,220,T1 W8 Th1 F5,,
1122,MATH F212,OPTIMIZATION,3 0 3,1,MANEESHA,223,M5 W5 Th9,01.11.2023 AN,03.01.2024 AN
1662,MATH F266,STUDY PROJECT,3,1,R ROOP KUMAR,,,,
1679,MATH F366,LABORATORY PROJECT,3,1,R ROOP KUMAR,,,,
1747,MATH F367,LABORATORY PROJECT,3,1,R ROOP KUMAR,,,,
1696,MATH F376,DESIGN PROJECT,3,1,R ROOP KUMAR,,,,
1763,MATH F377,DESIGN PROJECT,3,1,R ROOP KUMAR,,,,
1721,MATH F491,SPECIAL PROJECT,3,1,R ROOP KUMAR,,,,
2379,ME F112,WORKSHOP PRACTICE,1 1 2,1,RAVINDRA BHARDWAJ,165,T5,06.11.2023 FN,11.01.2024 FN
,,,,2,Ravindra Bhardwaj,185,T3,,
,,,,3,Ravindra Bhardwaj,190,M5,,
,,Practical,,1,Ravindra Bhardwaj,MG1,M89,,
,,,,2,Ram Karthikeyan,MG1,T34,,
,,,,3,Snehaunshu Choudhury,MG1,T89,,
,,,,4,Gulshan Kumar,MG1,W34,,
,,,,5,Ravindra Bhardwaj,MG1,W89,,
,,,,6,Shashank Khurana,MG1,Th34,,
,,,,7,Gulshan Kumar,MG1,Th89,,
1083,ME F211,MECHANICS OF SOLIDS,3 0 3,1,PRIYANK UPADHYAYA,219,M1 T3 W3 Th2,30.10.2023 AN,02.01.2024 AN
1082,ME F212,FLUID MECHANICS,3 0 3,1,MAJID HASAN KHAN,219,T6 W9 Th4 F2,31.10.2023 AN,04.01.2024 AN
2394,ME F216,MATERIALS SCIENCE & ENGINEERING,2 1 3,1,VINCENT S KUMAR,219,M9 T8 W1 Th8,02.11.2023 AN,08.01.2024 AN
,,Practical,,1,Vincent S Kumar,MF3,W56,,
2396,ME F217,APPLIED THERMODYNAMICS,3 1 4,1,Snehaunshu Choudhury,219,T5 W8 Th3 F1,06.11.2023 AN,10.01.2024 AN
,,Practical,,1,Majid Hasan Khan,MF4,M456,,
1663,ME F266,STUDY PROJECT,3,1,PRIYANK UPADHYAYA,,,,
2401,ME F314,DESIGN OF MACHINE ELEMENTS,3 0 3,1,RAVINDRA BHARDWAJ,276,M3 W3 Th3 F1,30.10.2023 AN,02.01.2024 AN
2403,ME F315,ADVANCED MANUFACTURING PROCESSES,2 1 3,1,HARPREET SINGH BEDI,276,M8 T5 W1,31.10.2023 AN,04.01.2024 AN
,,Practical,,1,Harpreet Singh Bedi,MG1,F345,,
2404,ME F316,MANUFACTURING MANAGEMENT,2 0 2,1,GULSHAN KUMAR,276,M4 T1 Th6,02.11.2023 AN,08.01.2024 AN
2405,ME F317,"ENGINES, MOTORS AND MOBILITY",2 0 2,1,SHASHANK KHURANA,276,T4 W8 F2,06.11.2023 AN,10.01.2024 AN
1680,ME F366,LABORATORY PROJECT,3,1,PRIYANK UPADHYAYA,,,,
1748,ME F367,LABORATORY PROJECT,3,1,PRIYANK UPADHYAYA,,,,
1697,ME F376,DESIGN PROJECT,3,1,PRIYANK UPADHYAYA,,,,
1764,ME F377,DESIGN PROJECT,3,1,PRIYANK UPADHYAYA,,,,
1287,ME F461,REFRIGERATION & AIRCOND,3 0 3,1,HARPREET SINGH BEDI,276,T8 W4 Th8,03.11.2023 FN,09.01.2024 FN
1290,ME F491,SPECIAL PROJECT,3,1,PRIYANK UPADHYAYA,,,,
1417,MF F418,LEAN MANUFACTURING,3 0 3,1,GULSHAN KUMAR,245,M6 T6 W6,31.10.2023 FN,05.01.2024 FN
1024,MGTS F211,PRINCIPLES OF MANAGEMENT,3 0 3,1,Sepideh S,210,M5 T5 W5,06.11.2023 FN,04.01.2024 FN
,,,,2,Aqila Begum,257,M5 T5 W5,,
,,,,3,Aqila Begum,334,M8 Th4 F4,,
1014,PHY F110,PHYSICS LABORATORY,0 2 1,1,R ROOP KUMAR,309,M34,,
,,,,2,G Amaranath,309,M89,,
,,,,3,K K Singh,309,T34,,
,,,,4,R Roop Kumar,309,T89,,
,,,,5,R Roop Kumar,309,W34,,
,,,,6,G Amaranath,309,W89,,
,,,,7,K K Singh,309,Th34,,
,,,,8,R Roop Kumar,309,F34,,
1015,PHY F111,MECH OSCILLATIONS & WAVE,3 0 3,1,R ROOP KUMAR,165,T1 W6 Th6 F1,31.10.2023 FN,03.01.2024 FN
,,,,2,K K Singh,185,T1 W7 Th6 F1,,
,,,,3,G Amaranath,190,T1 W5 Th6 F1,,
1493,PHY F215,INTRO TO ASTRO & ASTROPH,3 0 3,1,TBA,276,M5 W5 Th9,01.11.2023 AN,03.01.2024 AN
1666,PHY F266,STUDY PROJECT,3,1,R ROOP KUMAR,,,,
1683,PHY F366,LABORATORY PROJECT,3,1,R ROOP KUMAR,,,,
1751,PHY F367,LABORATORY PROJECT,3,1,R ROOP KUMAR,,,,
1700,PHY F376,DESIGN PROJECT,3,1,R ROOP KUMAR,,,,
1767,PHY F377,DESIGN PROJECT,3,1,R ROOP KUMAR,,,,
1725,PHY F491,SPECIAL PROJECT,3,1,R ROOP KUMAR,,,,